Timestamp,For how many years have you played Counter-Strike,How many hours have you played the game,What is your premier elo?,Have you ever deployed external software in order to enhance your gaming abilities?,What was the name of this software,How much did the software cost in EUR?,What did the software do?,How was your experience using this software,Would you categorise the use of the software as cheating?,Please give further reasoning for the answer to the previous question,Do you have any comments you want to share regarding the use of skill enhancing software?,Have you experienced cheaters in Counter-Strike 2,Do you believe that there is a problem with cheaters in CS2,Have you ever watched a demo because you were suspicious of a player potentially cheating?,How often do you experience playing in a match with a cheater?,"On a scale from 0 to 5, how big of a problem do you believe cheating is in Counter-Strike 2",Why do you believe that cheating is a problem?,Why do you believe that cheaters are not a problem?,Did you have access and make use of the overwatch feature when the feature was active,Do you think overwatch improved Counter-Strike,Did you feel like you aided the community when reviewing overwatch cases,Is there something else you want to remark regarding overwatch,What do you look for when determining whether a player is cheating or not?,Can you in more detail describe how you determine whether a player is cheating or not.,Do you have any comments for us?
2025/04/16 12:31:48 pm EET,1.5,200,11000.0,No,,,,,,,,Yes,Yes,No,Occasionally,4,Top ladder is filled with cheaters and is pointless,,"No, I did not have access to overwatch, and i have never reviewed a case",,,,,,
2025/04/16 12:36:12 pm EET,20.0,8000,22000.0,No,,,,,,,,Yes,Yes,Yes,Occasionally,5,"I am generally against cheating that harms other people. We‚Äôve all cheated in an exam or something similar, but I like having a fair and level playing field. Cheating takes all the fun away from other players and as a 28 years old I do not really have the time to play 10 games a day anymore, therefore it makes my experience playing CS undeniably worse",,"Yes, I have reviewed cases and/or watched my own demos",Yes,Yes,"I would have liked more transparency from the platform. I understand some cases require more in depth analysis to determine whether or not the person was cheating, but most of them were players that were clearly cheating and I have no idea how Valve determines how banning them works","Unnatural crossair movement;Unnatural movement (bunny hopping, spinbotting, etc.);Skill gaps in different areas of play (aim, movement, awareness, timings, etc.)","Besides spinbotting and aim which are pretty obvious I think the main factor determining whether or not a player is closet cheating is skill gap and overall game sense. There are some people who are really good at hiding their cheaths. Generally these players are good enough at the game and can perform well enough without cheating. In these cases I think you have to look for skill gaps or the timing factor. I argue that is really difficult to have the perfect timing to peek or to flank throughout a whole CS game. For example, if someone repeatedly peeks the second that an AWP turns away from the line, I would generally assume that the person is cheating if I was unsure about it beforehand",Good luck with the Thesis!
2025/04/16 12:44:58 pm EET,7.0,1800,14500.0,No,,,,,,,,Yes,Yes,No,Occasionally,3,It's such an easy game to cheat in. If a game is made with such a low time to kill as CS2 (i.e. you can easily die with one bullet) you need proper anti-cheat.,,"Yes, I have reviewed cases and/or watched my own demos",Yes,Yes,"A 'vac-store' such as in anomaly's april fools video could be a fun addition. Add a skinline in that store maybe called the 'Enforcer collection' or something like that, then people can redeem skins after doing overwatch cases accurately. ","Predictive playstyle;Unnatural movement (bunny hopping, spinbotting, etc.);Skill gaps in different areas of play (aim, movement, awareness, timings, etc.)","If they consistently have advantageous timings on the opponents that make the others have a disadvantage. I.e. they peek exactly when the target was reloading/grabbing util/looking away, something like that.","Fun how you're doing a project on CS, good luck with your research! :)"
2025/04/16 12:46:29 pm EET,6.0,772,0.0,No,,,,,,,,Yes,Yes,No,Occasionally,2,"Hard to develop AI based anti-cheat solutions without affecting client performance, or be able to process all demos on current player scale server side, while keeping compatibility with community servers",,"No, I did not have access to overwatch, and i have never reviewed a case",,,,,,
2025/04/16 12:57:47 pm EET,7.0,6000,22000.0,Yes,"Too many to remember, but last one was anyx",13.0,Aim hack;Trigger hack;Wall hack;Grenade projectory preview,"Horrible, classic russian paste",Yes,It gives an advantage ,,Yes,Yes,Yes,Occasionally,2,"Because of a decent amount of cheaters in the game, although the number is exaggerated by the community ",,"Yes, I have reviewed cases and/or watched my own demos",Maybe,Yes,"Sounds good on paper, but it's not as effective  as you would think. Also botting problem ","Predictive playstyle;Unnatural movement (bunny hopping, spinbotting, etc.);Skill gaps in different areas of play (aim, movement, awareness, timings, etc.)",,
2025/04/16 1:05:53 pm EET,5.0,1000,16000.0,No,,,,,,,,Yes,Yes,Yes,Occasionally,2,It makes the game not fun because of unwinnable situations outside your own control,,"No, I did not have access to overwatch, and i have never reviewed a case",,,,,,
2025/04/16 1:07:35 pm EET,20.0,12000,24500.0,Yes,x22,10.0,Aim hack;Trigger hack;Wall hack,Boring,Yes,It‚Äôs literally a cheat software,In closed environments ok (cheater versus cheater). For gaining competitive advantage pretty lame.,Yes,Yes,Yes,Often,5,They are in the majority of matches and impact competitive integrity ,,"Yes, I have reviewed cases and/or watched my own demos",Yes,Yes,,"Predictive playstyle;Unnatural crossair movement;Unnatural movement (bunny hopping, spinbotting, etc.);Skill gaps in different areas of play (aim, movement, awareness, timings, etc.)",Most cheaters nowadays are painfully obvious to spot and do not require any additional investigation ,
2025/04/16 1:10:54 pm EET,9.0,1300,4000.0,Yes,"i dont remember, was just a dll of a script site",0.0,Aim hack;Trigger hack;Wall hack,got banned,Yes,no,,Yes,Yes,Yes,Occasionally,5,makes the game unfun,,"Yes, but i never reviewed a case nor watched my own demos",,,,,,
2025/04/16 1:12:35 pm EET,4.0,200,0.0,No,,,,,,,,Yes,Yes,No,Occasionally,4,Imo even one cheater is too much. Tho I myself don‚Äôt encounter too many and I think some do over exxagarate the issue,,"No, I did not have access to overwatch, and i have never reviewed a case",,,,,,
2025/04/16 1:14:08 pm EET,8.0,2500,13000.0,No,,,,,,,,Yes,Yes,Yes,Occasionally,3,Off putting. Want to play some games with mates and then there‚Äôs one person playing ‚Äútoo well‚Äù ruining the sportsmanship,,"Yes, I have reviewed cases and/or watched my own demos",Maybe,No,No rewards given for trying to catch a cheater,"Unnatural crossair movement;Unnatural movement (bunny hopping, spinbotting, etc.);Skill gaps in different areas of play (aim, movement, awareness, timings, etc.)",Mostly timings/crosshair placement or them looking too far one way to see an enemy through a wall in an area in their peripheral vision,"Question about amount of cheaters in my games wasn‚Äôt easy to answer as it obviously wasn‚Äôt 0, but 50% was excessive, so data isn‚Äôt that useful for you guys. Also what server played on. I‚Äôm in Oceana so cheating may be different to Europe/NA etc"
2025/04/16 1:19:11 pm EET,10.0,900,20500.0,No,,,,,,,,Yes,Yes,Yes,Occasionally,3,Very difficult to ban cheaters without extremely infiltrative anti-cheat OR letting people know what your anti-cheat is based on (So cheat makers can get ahead),,I can't remember,,,,,,
2025/04/16 1:22:15 pm EET,3.0,1500,13500.0,No,,,,,,,,Yes,Yes,Yes,Occasionally,4,Becouse vac is not working and allow to use for free any not obviusly cheat,,"Yes, I have reviewed cases and/or watched my own demos",Yes,Yes,,"Predictive playstyle;Unnatural crossair movement;Unnatural movement (bunny hopping, spinbotting, etc.);Skill gaps in different areas of play (aim, movement, awareness, timings, etc.)",,
2025/04/16 1:24:13 pm EET,4.0,650,0.0,Yes,Dont remember,0.0,Aim hack;Trigger hack;Wall hack,"Short fun, perma banned at 13 ",Yes,"Aimbot, Triggerbot, Wallhack, Radar hack is cheating",If your older than 13 and do this get a life,Yes,Yes,Yes,Occasionally,3,"Easy of entry and good trust factor players, the ones with experience, experience way less and down play the problem, new non prime and Prime players will have a bad time and get tons of bad lobbies. Also ‚Äûpassive‚Äú anti cheat (have never seen any game beeing stopped). Obvious wall hack is just invisible to it",,"No, I did not have access to overwatch, and i have never reviewed a case",,,,,,
2025/04/16 1:35:24 pm EET,20.0,3000,8000.0,No,,,,,,,,Yes,Yes,Yes,Occasionally,4,"Mistrust between players, demotivation.",,"Yes, I have reviewed cases and/or watched my own demos",Yes,Yes,,Predictive playstyle;Unnatural crossair movement,,
2025/04/16 1:38:13 pm EET,10.0,3000,12000.0,No,,,,,,,,Yes,Yes,Yes,Occasionally,4,People always accuse each other while playing because there is no way in which you can be sure that your opponent isn't cheating,,"Yes, I have reviewed cases and/or watched my own demos",Yes,Yes,,"Predictive playstyle;Unnatural crossair movement;Unnatural movement (bunny hopping, spinbotting, etc.);Skill gaps in different areas of play (aim, movement, awareness, timings, etc.)",,
2025/04/16 1:39:04 pm EET,20.0,8000,20000.0,No,,,,,,,,Yes,Yes,Yes,Occasionally,3,Cheaters don't get banned fast enough,,"Yes, I have reviewed cases and/or watched my own demos",Maybe,Maybe,obvious spinbots should not be in overwatch,"Predictive playstyle;Unnatural crossair movement;Unnatural movement (bunny hopping, spinbotting, etc.);Skill gaps in different areas of play (aim, movement, awareness, timings, etc.)",,
2025/04/16 1:51:56 pm EET,20.0,2000,9000.0,No,,,,,,,,Yes,Yes,Yes,Occasionally,3,Legit players won't want to play if they experience cheaters too often woth seemingly no repercussions.,,"No, I did not have access to overwatch, but i have reviewed my own demos",,,,Predictive playstyle;Tracking platers through walls,"I'm not very good, so I try to assume that someone is just much better than me. I review demos to try to learn from them. But when I review I'm also looking out for signs they nay be cheating such as tracking players through walls or uncanny timings. ","I dont think the cheating problem is quite as bad as everyone says, but maybe it's just because I'm low elo. However, even at my elo people are always accusing of hacks. In my experience it's rare to see someone blatantly cheating. But I think people are more likely to accuse because the current anti-cheat doesn't do enough. "
2025/04/16 1:53:16 pm EET,4.0,1200,15583.0,No,,,,,,,,Yes,Yes,Yes,Occasionally,3,Yes,,"No, I did not have access to overwatch, and i have never reviewed a case",,,,,,
2025/04/16 2:01:43 pm EET,15.0,2000,10000.0,Yes,i don't know,0.0,Wall hack,boring,Yes,The software i used made me able to see enemies through walls which is clearly against the rules. ,no,Yes,Yes,Yes,Occasionally,1,"part of the fun is the game to be skilled balanced, skill based and fair. Cheaters break those 3 things.",,"Yes, I have reviewed cases and/or watched my own demos",Maybe,Yes,,"Predictive playstyle;Unnatural movement (bunny hopping, spinbotting, etc.);Skill gaps in different areas of play (aim, movement, awareness, timings, etc.);ubnormalites in his stats history","First of all, I start with the assumption that the player is not a cheater.
Then, I check their profile, stats, and history. Based on that, I decide how closely I‚Äôll need to watch their gameplay. For example, someone with thousands of hours in their history and consistent performance is probably not a cheater, and if I don‚Äôt see anything particularly suspicious in their gameplay, I‚Äôll quickly rule them out.

On the other hand, if it‚Äôs a new account‚Äîor an old account with many hours but a sudden spike in performance‚Äîthen I‚Äôll be more suspicious and examine the video much more thoroughly.

Next, I watch the video. There‚Äôs a set of skills a player can have:
Crosshair placement, recoil control, movement tracking, flicking when it comes to aiming.
Also, movement in general, game sense, and how they clear angles.
If a player is extremely good at one of these skills but noticeably lacking in the others, I‚Äôll suspect they‚Äôre cheating and will look for concrete evidence.
That imbalance between skills isn't proof by itself, but it‚Äôs a strong indicator that makes me investigate further.

Concrete signs that someone is cheating include:

They don‚Äôt check any other angles except the exact one where the enemy is‚Äîrepeatedly, not just once.

They‚Äôre never surprised by an enemy‚Äôs position.

They shoot at enemies faster than what would be possible with normal human reflexes (prefiring).
These are signs of a wallhack.

Their bullets constantly hit the target even when their aim is off and their crosshair placement isn‚Äôt right.
That‚Äôs a sign of an aimbot.",
2025/04/16 2:03:04 pm EET,22.0,2500,5000.0,No,,,,,,,,Yes,Yes,Yes,Sometimes  (50% of the time),5,It ruins the integrity of the game. It ruins the fun of the game. It's a huge waste of time when someone is cheating.,,"Yes, I have reviewed cases and/or watched my own demos",Maybe,Yes,"the game isn't perfect. there will be cheaters in every game. its part of life. however, for a billion dollar company, i sure wish they figured out a way to fix the cheating problem. ","Skill gaps in different areas of play (aim, movement, awareness, timings, etc.)","Spidey senses. Some how, these players just know. i believe they are toggling to get the edge. For example, in inferno. I would be hiding in church, say behind the podium. And some how, this person would check that. It's very rare that spot gets check. Benefit of the doubt, I'm calling BS on that. And you would usually suspect someone is cheating when those ""who would check that in that situation"" gets checked. I believe I'm playing in a high trusted status games. i rarely get spin botters or straight blatant hackers, but you know you get suspicious when someone is carrying their team HARD.","When CS2 first came out, we all believe that AI would detect hackers eventually. Hopefully, one day, as this billion dollar company invest in a legit anti-hack. I hope they solve it and not let this game die like TF2. Especially as this game was a staple of my childhood and now that i'm an adult with a decent salary. I ""invested"" a good amount of money on skins and would like to enjoy playing this game knowing that the integrity of the game is solid. Only to wish one day, that dream will come true. As of now, i get discouraged to play as my ELO is suffering. I live in Asia and playing with Chinese players and Russians, i feel more games are suspicious and refuse to play until they fix this problem. Every now and then, when i get the itch, i will play one or two games."
2025/04/16 2:19:18 pm EET,11.0,4500,0.0,Yes,auto knife,0.0,auto knife for black ops 1,I was banned ,Yes,Impossible to perform legit,It was 15 years ago,Yes,Yes,Yes,Often,5,No actual anti cheat,,"Yes, I have reviewed cases and/or watched my own demos",Yes,Yes,Good system,"Skill gaps in different areas of play (aim, movement, awareness, timings, etc.)","Gamesense, cheaters don't even get what's going on in a good players head",Bak 2 Go
2025/04/16 2:22:42 pm EET,16.0,3000,7000.0,No,,,,,,,,Yes,Yes,Yes,Occasionally,3,It ruins the experience for people like me who like to tryhard,,"Yes, I have reviewed cases and/or watched my own demos",Maybe,Maybe,Some cheaters are doing their best to hide evidences. It is not a perfect solution,"Predictive playstyle;Unnatural crossair movement;Skill gaps in different areas of play (aim, movement, awareness, timings, etc.)","They are too aware of their surroudings, like running with knife in dangerous area. Also sometimes it is the gap between their mechanical skills and their gamesense / awareness that gives them",Thank you for what you are doing. Wish you the best for your master's thesis !
2025/04/16 2:55:55 pm EET,3.0,1600,12000.0,No,,,,,,,,Yes,Yes,Yes,Occasionally,3,because its unfair for the normal players ,,"No, I did not have access to overwatch, but i have reviewed my own demos",,,,"Unnatural movement (bunny hopping, spinbotting, etc.);Skill gaps in different areas of play (aim, movement, awareness, timings, etc.)",check their face it elo and steam profile ,no
2025/04/16 2:57:56 pm EET,21.0,3700,21000.0,No,,,,,,,,Yes,Yes,Yes,Sometimes  (50% of the time),5,"Not enough can be done against cheats that are not easily detected by a human. IE: Radar hacks or simply an intelligent player playing with wallhacks. As the generations go by, less and less young players want to put the time in to improve and therefore choose to cheat instead.",,"Yes, I have reviewed cases and/or watched my own demos",Yes,Yes,,"Predictive playstyle;Unnatural crossair movement;Unnatural movement (bunny hopping, spinbotting, etc.);Skill gaps in different areas of play (aim, movement, awareness, timings, etc.)","For players that are using a non-detectable version of a cheat, often watching their ability to avoid certain interactions or perfectly time an interaction is key to catching them. Further, unnatural rotations when outplayed that make absolutely no sense but are in fact, the perfect counter to a move. Another indication is when they do very well with no one spectating them and very badly with people spectating them, indicating a toggle of assistance. ",Please figure this shit out as the game is dying and is only going to get worse.
2025/04/16 3:00:19 pm EET,20.0,2000,17000.0,No,,,,,,,,Yes,Yes,Yes,Often,5,It kills the urge to play the game. For players this is a problem.,,"Yes, I have reviewed cases and/or watched my own demos",Yes,Yes,I think they should bring it back but with higher rewards for the viewers,"Unnatural movement (bunny hopping, spinbotting, etc.);Skill gaps in different areas of play (aim, movement, awareness, timings, etc.)",I check how much he can know. Normaly you can surprise every player but if the suspect can't be surprised and knows every location. That is fishy. And on top of that I look if he clears every angle or only spots where an enemy is. ,
2025/04/16 3:38:18 pm EET,10.0,10000,25000.0,No,,,,,,,,Yes,Yes,Yes,Occasionally,2,Poor anticheat. Poor player mentality,,"Yes, I have reviewed cases and/or watched my own demos",Maybe,Yes,,"Unnatural crossair movement;Unnatural movement (bunny hopping, spinbotting, etc.);Skill gaps in different areas of play (aim, movement, awareness, timings, etc.)",Mostly looking for differences in how well they do at different tasks. If their aim is totally insane but they move around the map like a beginner and don't seem to understand how the game works then that is weird,
2025/04/16 3:42:14 pm EET,9.5,3700,17200.0,No,,,,,,,,Yes,Yes,Yes,Occasionally,2,The anti-cheat does not work properly and it seems Valve does not care about the problem.,,"Yes, I have reviewed cases and/or watched my own demos",No,No,,"Predictive playstyle;Unnatural crossair movement;Unnatural movement (bunny hopping, spinbotting, etc.);Skill gaps in different areas of play (aim, movement, awareness, timings, etc.);Reaction to sound","Looked how the player played, how the team was moving on the map and how the enemy moved. That would give me a hint of what to predict of the player and then to determine if he was cheating I would look at his crosshair placement and playstyle. If it would not match the skill level of everyone else I would most likely have a feeling that something is helping the player.",GL on the master thesis. Sounds like a super interesting topic and would love to read the finished product.
2025/04/16 3:43:27 pm EET,12.0,4000,2450.0,Yes,Back when I was young in 1.6. Think it was called KZH or something.,0.0,Trigger hack;Wall hack,Fun,Yes,Assistance outside what the game provides.,,Yes,Yes,No,Occasionally,3,"Happens too often, ruining the experience.",,"Yes, but i never reviewed a case nor watched my own demos",,,,,,
2025/04/16 3:48:42 pm EET,13.0,3000,17000.0,No,,,,,,,,Yes,Yes,Yes,Occasionally,3,"The amount of cheaters has caused people to automatically assume everyone is cheating, so often times teammates will give up on a match after losing one round.",,"Yes, I have reviewed cases and/or watched my own demos",Yes,Maybe,,"Unnatural crossair movement;Unnatural movement (bunny hopping, spinbotting, etc.);Skill gaps in different areas of play (aim, movement, awareness, timings, etc.)","The most typical cheat is some form of ESP, so I look for unnatural angle clears, or players unnaturally focusing on specific angles while ignoring others.",
2025/04/16 3:52:14 pm EET,2.0,600,8000.0,No,,,,,,,,Yes,Yes,Yes,Occasionally,2,Harmful to game integrity. Harmful to game image.,,"No, I did not have access to overwatch, but i have reviewed my own demos",,,,"Predictive playstyle;Unnatural crossair movement;Unnatural movement (bunny hopping, spinbotting, etc.);Skill gaps in different areas of play (aim, movement, awareness, timings, etc.)",,
2025/04/16 3:52:31 pm EET,20.0,9000,17000.0,No,,,,,,,,Yes,Yes,Yes,Occasionally,4,"Ruins the fun for clean players.
",,"Yes, I have reviewed cases and/or watched my own demos",Yes,Yes,,"Predictive playstyle;Unnatural crossair movement;Unnatural movement (bunny hopping, spinbotting, etc.);Skill gaps in different areas of play (aim, movement, awareness, timings, etc.)","Spinbotters etc. are easy to detect.
Wallhackers with 100% awareness, not checking any other positions. Always perfect timing while flanking or peeking ",
2025/04/16 3:52:43 pm EET,8.0,4000,24999.0,No,,,,,,,,Yes,Yes,Yes,Occasionally,4,Yes,,"No, I did not have access to overwatch, and i have never reviewed a case",,,,,,People can lie in these tests
2025/04/16 4:01:42 pm EET,5.0,807,9000.0,No,,,,,,,,Yes,Yes,Yes,Always (100% of the time),5,"Unfair game, low skill players using cheats as a crutch while us legit players suffer.",,"No, I did not have access to overwatch, but i have reviewed my own demos",,,,"Predictive playstyle;Unnatural crossair movement;Unnatural movement (bunny hopping, spinbotting, etc.);Skill gaps in different areas of play (aim, movement, awareness, timings, etc.)","No gamesense, no acting skills, suspicious steam profile with low, no, or recent badges only","Thanks for covering this topic, hopefully it comes with a meaningful outcome."
2025/04/16 4:03:06 pm EET,8.0,5300,17100.0,No,,,,,,,,Yes,Yes,Yes,Often,5,"It happens so often and so blatant, cheaters do not have to fear consequences. You cant trust anyone anymore",,"Yes, I have reviewed cases and/or watched my own demos",Yes,Yes,,"Predictive playstyle;Unnatural crossair movement;Unnatural movement (bunny hopping, spinbotting, etc.);Skill gaps in different areas of play (aim, movement, awareness, timings, etc.)",,
2025/04/16 4:16:15 pm EET,10.0,2000,13000.0,No,,,,,,,,Yes,Yes,Yes,Occasionally,3,.,,"Yes, I have reviewed cases and/or watched my own demos",Maybe,Yes,,"Unnatural crossair movement;Unnatural movement (bunny hopping, spinbotting, etc.);Skill gaps in different areas of play (aim, movement, awareness, timings, etc.)",,
2025/04/16 4:17:35 pm EET,6.0,300,10000.0,No,,,,,,,,Yes,No,Yes,Occasionally,4,It ruins the game,,"No, I did not have access to overwatch, and i have never reviewed a case",,,,,,Good luck with your thesis
2025/04/16 4:18:44 pm EET,20.0,10000,26000.0,No,,,,,,,,Yes,Yes,Yes,Occasionally,4,If Valve wants a competitive game with a premier leaderboard cheats ruin it. I shouldn't have to play on a 3rd party site like faceit to not face cheaters,,"No, I did not have access to overwatch, but i have reviewed my own demos",,,,"Predictive playstyle;Unnatural crossair movement;Unnatural movement (bunny hopping, spinbotting, etc.);Skill gaps in different areas of play (aim, movement, awareness, timings, etc.)",Aim hacks are easy to spot. Walling is harder but it depends on the skill of the cheater if they're just walling or radar hacking. Generally high level players play somewhat similar and make choices based on information of the other teams positions.. cheaters generally struggle to hide that they shouldn't have known someone was in an area and hold what would be a bad angle just to secure that one kill. Having them do this over and over is general fishy behavior that would make me suspect cheating or watch the demo for proof or just see if they were getting lucky with natural rotations for where their teammates are playing.,
2025/04/16 4:35:42 pm EET,7.0,2400,5000.0,No,,,,,,,,Yes,Yes,Yes,Occasionally,5,It ducks,,"Yes, I have reviewed cases and/or watched my own demos",Maybe,No,,"Unnatural crossair movement;Unnatural movement (bunny hopping, spinbotting, etc.);Skill gaps in different areas of play (aim, movement, awareness, timings, etc.)",,
2025/04/16 4:41:55 pm EET,4.0,4000,8000.0,Yes,"Aimware, Iniuria, X22, Blanc.cc, RedEyeCheats",10.0,Aim hack;Wall hack;Grenade projectory preview,"Playing as a closet cheater to assist in winning slightly, due to CS‚Äôs insane skill ceiling ",Yes,Mild aim assist and wallhacks provided an advantage ,It made the game fun to play again,Yes,Yes,Yes,Sometimes  (50% of the time),5,"30-40% of games have cheaters, usually closet using non-blatant cheats making it very hard to play legit ",,"Yes, I have reviewed cases and/or watched my own demos",Yes,Yes,"It was stopped due to people abusing the system, but it is needed in Cs2",Predictive playstyle,"Auto pistol, holding angles where you are for too long when they should have moved, scout/deagle",
2025/04/16 4:56:34 pm EET,7.0,500,11000.0,No,,,,,,,,Yes,Yes,Yes,Occasionally,4,"Why is this even a question bruh?? Because they obviously ruin the game for everyone, 0 enjoyment",,"No, I did not have access to overwatch, but i have reviewed my own demos",,,,"Predictive playstyle;Unnatural crossair movement;Unnatural movement (bunny hopping, spinbotting, etc.);Unntural positioning","Constantly getting perfect timings, only checking spots when someone is in them, bad economy, exceptional ""gamesense"" that doesn't match elo",
2025/04/16 5:16:32 pm EET,9.0,2000,,Yes,Memesense,5.0,Aim hack;Trigger hack;Wall hack,Splendid,Yes,Gives unfair advantage,Fuck that. it's boring as shit that's why I never resubscribed. Legit game better,Yes,Yes,No,Occasionally,4,I love gaining rank on competitive office or Italy but whenever there's cheater I have a high chance of losing and it sucks,,"No, I did not have access to overwatch, and i have never reviewed a case",,,,,,Cheating is morally okay against people without prime these poorons don't deserve to play a fair game for free XD
2025/04/16 5:46:18 pm EET,4.0,1250,12000.0,No,,,,,,,,Yes,Yes,Yes,Occasionally,5,There is no antie cheat to even stop the easiest to detector cheats that is why the cheaters have the balls to continu,,"No, I did not have access to overwatch, and i have never reviewed a case",,,,,,
2025/04/16 5:53:34 pm EET,14.0,4500,17000.0,No,,,,,,,,Yes,Yes,Yes,Occasionally,5,"It removes the ability to trust the people/the game. Sometimes people do have a good day. As it currently is, noone belives anyone is just having a good day/hitting some insane shots. It is always assumed ppl are cheating",,"Yes, I have reviewed cases and/or watched my own demos",Yes,Yes,,"Unnatural movement (bunny hopping, spinbotting, etc.);Skill gaps in different areas of play (aim, movement, awareness, timings, etc.)",Getting consistenly lucky. If to many actions are technicaly not impossible but they align through the whole game.,"If you start to actually train a ML model, make it open source as part of your thesis. There are probably a lot of AI researches in the CS community willing to participate in development. Maybe a community project can actually change something for the better"
2025/04/16 6:07:08 pm EET,8.0,4200,23000.0,No,,,,,,,,Yes,Yes,Yes,Occasionally,5,"Even if there is a smaller amount of cheaters, it messes with my mind and i start questioning every death and every round. Turns out after watching demo they are just good, but it ruined my experience. ",,"Yes, I have reviewed cases and/or watched my own demos",No,Yes,It was not as productive as it might seem. Cheaters knew more about the overwatch system than legit players.,Impossible reads/impossible aim. Anyone else probably just got lucky,,
2025/04/16 6:31:03 pm EET,11.0,19000,20000.0,No,,,,,,,,Yes,No,Yes,Occasionally,3,"Cheating is just as it is, the survivor bias of people post about cheaters vs people who post regular games. no one cares to see a regular game yet everyone flock and cry cheater because the only thing they see online are cheater posts.",,"Yes, I have reviewed cases and/or watched my own demos",Yes,Yes,,"Predictive playstyle;Unnatural crossair movement;Skill gaps in different areas of play (aim, movement, awareness, timings, etc.)",The awareness of the play. How confident. Common playstyles. ,I want to stay anonymous 
2025/04/16 6:31:42 pm EET,0.1,47,0.0,No,,,,,,,,No,Yes,No,Occasionally,2,because cheaters ruin the fun for the normal players in counter strike ,,"No, I did not have access to overwatch, and i have never reviewed a case",,,,,,
2025/04/16 6:41:34 pm EET,9.0,8000,27000.0,No,,,,,,,,Yes,Yes,Yes,Sometimes  (50% of the time),5,"Cheating is a problem because valve simply does not care, cs is their passive money making machine.",,"Yes, I have reviewed cases and/or watched my own demos",Maybe,Yes,"As valve makes millions from just cases monthly, perhaps they can hire dedicated overwatch team but that would not be in valves best interest ","Unnatural crossair movement;Unnatural movement (bunny hopping, spinbotting, etc.);Skill gaps in different areas of play (aim, movement, awareness, timings, etc.)","A noob cheater or one that does not know to hide his/her cheats will normally not clear any angles  or jiggle peek, rather they aim at their target through the wall and keep their aim there. However, a skilled cheater who‚Äôs only walling can be very hard to judge, especially if they have some raw aim skills to go along with their cheats. Judging from just 1 kill or 1 round whether or not someone is cheating can be very hard and so a significant part of the demo must be viewed in order to make judgement.",No
2025/04/16 7:21:44 pm EET,7.0,3500,13000.0,No,,,,,,,,No,Yes,Yes,Never (0% of the time),3,"The frequency of finding cheaters scalates pretty quickly on the upper ranks, ruining the gameplay experiencie for higher rated people.",,"Yes, I have reviewed cases and/or watched my own demos",Maybe,Yes,,Unnatural crossair movement,"Crosshair placement is the biggest giveaway for people cheating. If they are walling they often can't help to look at the people behind walls, and if they're using aim assists it makes it obvious when you compare their ability to aim vs their ability to do everything else.",
2025/04/16 7:26:42 pm EET,21.0,3500,16000.0,No,,,,,,,,Yes,Yes,Yes,Occasionally,3,It contributes to antisocial behavior in other people and the community more broadly.,,"Yes, I have reviewed cases and/or watched my own demos",Maybe,Maybe,"Overwatch access should have been more exclusive; I want to say I had access to it at a high GN rank. There were several cases I reviewed where I did not have sufficient expertise to judge the suspect. I usually erred on the side of innocence, but others I was friends with at the time would vote to convict, even in cases where the evidence was not very compelling.

The skins economy also made the cost of incorrect overwatch judgements very high. I can see why Valve would discontinue the program on that basis alone.","Unnatural crossair movement;Unnatural movement (bunny hopping, spinbotting, etc.);Skill gaps in different areas of play (aim, movement, awareness, timings, etc.)","Unlike GO, I have maybe 500 hours in CS2 and have yet to see a spinbotter at my elo. 

Anecdotally, ESP related cheats appear to be the most common at the moment. Watching players track objects through walls, pushing against low HP players or players who are lining up grenades, consistently gamble stacking a site perfectly at the beginning of a round or abruptly changing sites mid-round, and pre-firing, especially when the opposing playing is jiggling a corner but has not exposed themselves yet.",Good luck with your research! üòÉ
2025/04/16 7:28:31 pm EET,8.0,2500,14000.0,No,,,,,,,,Yes,Yes,Yes,Occasionally,5,Really?,,"Yes, I have reviewed cases and/or watched my own demos",Yes,Yes,,"Unnatural movement (bunny hopping, spinbotting, etc.);Skill gaps in different areas of play (aim, movement, awareness, timings, etc.)",,
2025/04/16 7:41:33 pm EET,2.0,500,0.0,No,,,,,,,,Yes,Yes,Yes,Sometimes  (50% of the time),5,Hacks,,"Yes, I have reviewed cases and/or watched my own demos",Maybe,Maybe,,"Predictive playstyle;Unnatural crossair movement;Unnatural movement (bunny hopping, spinbotting, etc.);Skill gaps in different areas of play (aim, movement, awareness, timings, etc.)",Because I know how to play the game ,
2025/04/16 8:06:26 pm EET,11.0,5250,22000.0,No,,,,,,,,Yes,Yes,No,Occasionally,3,"Cheating in any competition is a huge problem for competitive integrity, however I think due to CS2s fast time to kill makes it more susceptible to cheating accusations, also think it‚Äôs overblown due to people thinking cs is easier to cheat in compared to other games due to no kernel level anti cheat ",,"Yes, I have reviewed cases and/or watched my own demos",Yes,Yes,It isn‚Äôt in cs2,"Unnatural crossair movement;Unnatural movement (bunny hopping, spinbotting, etc.)","It comes down to there movement and crosshair placement generally, if it seems unnatural or not consistent ",
2025/04/16 8:07:37 pm EET,6.0,2021,24000.0,No,,,,,,,,Yes,Yes,Yes,Occasionally,3,It makes me less willing to queue for premier matches if i know there is a decent chance I will play with or against a cheater. Playing with or against a cheater really takes all the fun out of it for me.,,"Yes, I have reviewed cases and/or watched my own demos",Maybe,Yes,I probably reviewed close to 20 games and every single one was a blantant cheater haha,"Predictive playstyle;Unnatural crossair movement;Unnatural movement (bunny hopping, spinbotting, etc.);Skill gaps in different areas of play (aim, movement, awareness, timings, etc.)",Well spinbot and aimhacks are easy to tell. Closet cheaters can be harder but mostly you can tell because they will only ever clear or hard clear the angle where a player is. Usually too they get more and more blantant the more rounds they lose.,
2025/04/16 9:44:49 pm EET,15.0,2000,17000.0,No,,,,,,,,Yes,Yes,Yes,Sometimes  (50% of the time),5,Unfair,,"No, I did not have access to overwatch, but i have reviewed my own demos",,,,"Predictive playstyle;Unnatural crossair movement;Unnatural movement (bunny hopping, spinbotting, etc.);Skill gaps in different areas of play (aim, movement, awareness, timings, etc.)","Usually their aim and path tracing don't match their movement and positioning. Eg: high headshot accuracy and time-to-kill, but can't throw a nade nor counter-strafe",
2025/04/16 10:47:33 pm EET,20.0,3000,22000.0,No,,,,,,,,Yes,Yes,No,Often,5,Ruins the game for others ,,"No, I did not have access to overwatch, and i have never reviewed a case",,,,,,
2025/04/17 12:23:02 am EET,5.0,2000,5000.0,No,,,,,,,,Yes,No,No,Occasionally,2,It's unfair duh,,"No, I did not have access to overwatch, and i have never reviewed a case",,,,,,
2025/04/17 3:27:59 am EET,3.0,2130,10000.0,No,,,,,,,,Yes,Yes,Yes,Often,5,"Not sure how to interpret the question.
Why do cheaters exist in CS2? Many reasons. With counter strike being a relatively simple game, it has a high skill ceiling which might frustrate some players. They may start cheating in order to boost their ego, seek appraisal from others. They may not having the mentality to improve at the game, looking for quick and easy way to feel better about themselves. Also, I believe some  simply want to grind xp for weekly drops the easy way.
Why is this problematic for us, legit players? Well, we want to be matched against players with similar skill sets, who share our competitive spirit and genuinely want to improve at the game.
Why am I convinced cheaters exist in CS (or any competitive games for that matter)? Well, there are many cheaters who do it in a very obvious, even obnoxious way. If you play the game and/or watch the pro scene, you can clearly see the pattern of a clean l, genuine gameplay. On the other hand, there are plenty of closeted cheaters who have mastered hiding the fact that they use ""help"". There are many cheaters who also brag about using cheats and even compete with other cheaters (""who has the better cheat"").
From the more technical perspective, i think it's just very difficult to detect cheaters. I don't know that much about cheat development, but it's clear as a day that cheat devs adjust their ""products"" very quickly if, for example, VAC starts detecting it. They find new ways to avoid detection. Many claim that a kernel anti-cheatwould fix the problem, but we have evidence that even such, controversial for many, solution is still fairly easy to bypass (cheating is still a problem on faceit, PUBG also suffers from it as far as I know, etc)",,"No, I did not have access to overwatch, but i have reviewed my own demos",,,,"Predictive playstyle;Unnatural crossair movement;Unnatural movement (bunny hopping, spinbotting, etc.);Skill gaps in different areas of play (aim, movement, awareness, timings, etc.)","I'm trying not to jump into conclusions straight away and give them the benefit of the doubt, so unless it's very obvious like spinbotting, shooting through the walls, soft aim (if the player is not being careful with it), I try not to call them out or report them.
However, apart from demos, there's also the social perspective of cheating - steam accounts. If an account looks fairly new or is private, it is already making it more suspicious. But on the other hand, does it really matter nowadays when you can buy a legit looking account for a few bucks? ",Good luck!
2025/04/17 5:55:36 am EET,0.5,150,0.0,No,,,,,,,,Yes,Yes,No,Occasionally,3,its frustrating to play casual/competitive with f2p friends and trying to explain them why is half of the lobby voice-spamming and/or jumping and quickly killing them before a human could even react,,"No, I did not have access to overwatch, and i have never reviewed a case",,,,,,"Most of my life has been dedicated to the TF2 community rather than Counter-Strike‚Äôs, i do have a great experience when it comes to enduring constant botting and cheating for the entirety of a match, although TF2‚Äôs cheating had a bigger amount of cheater‚Äôs per game since games are 12v12, a single cheater in CS2 disrupts a game louder than TF2‚Äôs, due to Counter-strike‚Äôs single life per round and how greatly it affects having one less teammate in a team even if the chicken is kicked, its not the same a 11v12 than a 4v5"
2025/04/17 6:47:25 am EET,14.0,11000,25000.0,No,,,,,,,,Yes,Yes,Yes,Sometimes  (50% of the time),4,"Too broad of a question, but in a nutshell... It is too easy, VAC is not kernel level (which doesn't remove cheating, just makes it harder, but also violates privacy), cheating is a cat and mouse game, people as a whole have become such that grinding to become good is not rewarding anymore, mental health issues, no fathers in the house, the position of religion (especially Christianity in the west) has fallen (Yes, this affects for many reasons), hardware and IP bans are not a thing, cs2 is f2p, cheats are apparently quite cheap, don't need to even try to hide cheating, ""everyone cheats anyways"". There's some and could add in more, you may ask to talk with me if you want to. I can open up any point more than gladly.",,"Yes, I have reviewed cases and/or watched my own demos",Yes,Maybe,"Its alright but doesn't fix the core issue, which is VAC and CS2 being F2P and bans being only on that one account (i.e. no hardware / IP bans). ","Predictive playstyle;Unnatural crossair movement;Unnatural movement (bunny hopping, spinbotting, etc.);Skill gaps in different areas of play (aim, movement, awareness, timings, etc.);Oddities in basic map knowledge, not clearing corners, uncomfortability with sensitivity etc. So many dead giveaways. Sudden skill boost in players match history or even during the same match (which is the case in a demo).","I did put in stuff in ""Other"" on the earlier question. In general you can see quite quickly if someone is cheating. Crosshair palcement, movement, utility usage, account in general (hours, steam level, ig level, friends, faceit etc.), corner clearing, economy knowlege etc.

Its usually not one thing, but combination of a lot of stuff. Things like 28k elo, no faceit, under 1000 hours on account, bot movement, crosshair placement all over the place and so on. Can't be 100% sure still, but a lot of the time if I think someone is cheating I might follow the steam account for a bit and a lot of them do eventually get banned.","I am open for more question if you wish, [REDACTED]"
2025/04/17 8:09:08 am EET,1.0,200,6500.0,No,,,,,,,,Yes,Yes,Yes,Occasionally,4,It ruins the game for everyone ,,"No, I did not have access to overwatch, and i have never reviewed a case",,,,,,Nope 
2025/04/17 9:17:22 am EET,2.0,350,1500.0,No,,,,,,,,Yes,Yes,No,Occasionally,4,It ruins the experience,,"No, I did not have access to overwatch, but i have reviewed my own demos",,,,"Unnatural movement (bunny hopping, spinbotting, etc.);When he seems like he knows where I am, even when I'm going silently, etc.",,
2025/04/17 9:22:26 am EET,9.0,1434,19397.0,No,,,,,,,,Yes,No,No,Occasionally,1,It ruins the time commitment of 9 other people looking for a competitive experience for no reason other than a false sense of accomplishment.,,"Yes, I have reviewed cases and/or watched my own demos",Maybe,Yes,"I believe overwatch inflated the apparent cheating numbers within the game, as most cases shown were of blatant cheaters, leading to an availability bias ingrained in many cs2 players who have used overwatch or have watched content related to reviewing overwatch cases.","Unnatural crossair movement;Unnatural movement (bunny hopping, spinbotting, etc.);Consistent inhuman reaction times and consistent wallbangs",To be sure someone is cheating beyond a reasonable doubt there has to be a consistent pattern of suspicious gameplay across multiple duels and rounds.,"Good luck on the thesis, I hope I was able to help. :)"
2025/04/17 11:41:05 am EET,5.0,900,12000.0,Yes,Neverlose,30.0,Aim hack;Trigger hack;Wall hack;Grenade projectory preview;Spinbot,Great ,Yes,A full fledged hack that I mostly used to counter other cheaters I met and play semirage hvh,,Yes,Yes,No,Sometimes  (50% of the time),4,legit players can't win ,,"No, I did not have access to overwatch, and i have never reviewed a case",,,,,,
2025/04/17 3:03:21 pm EET,20.0,800,1600.0,No,,,,,,,,Yes,Yes,No,Sometimes  (50% of the time),3,competition ,,I can't remember,,,,,,
2025/04/17 7:13:40 pm EET,2.0,300,0.0,No,,,,,,,,Yes,Yes,Yes,Sometimes  (50% of the time),5,"People who put in the effort to get better at the game are discouraged from playing because they cannot find matches that are a challenge, all they are met with is loss after loss and decide to stop playing the game",,I can't remember,,,,,,Smurfing is likely just as bad of a problem as other cheats.
2025/04/17 7:30:24 pm EET,10.0,5000,20000.0,No,,,,,,,,Yes,Yes,Yes,Occasionally,4,I don't have much time to play and when there is cheaters in my game it just a waste of time,,"Yes, I have reviewed cases and/or watched my own demos",Yes,Yes,,"Unnatural crossair movement;Unnatural movement (bunny hopping, spinbotting, etc.);Skill gaps in different areas of play (aim, movement, awareness, timings, etc.)",,
2025/04/17 8:59:04 pm EET,7.0,2600,20.0,No,,,,,,,,Yes,Yes,Yes,Occasionally,2,"yes i think its a problem because if there is only 1‚ÄØcheater in the game its still a problem, i dont see cheaters that much because spinbot and obvious cheats are now banned but i dont bother if someone is suspisous anymore its just what it is.",,I can't remember,,,,,,thanks for doing this do you care showing the result of the survey ? maybe contact me by my email !
2025/04/17 10:03:22 pm EET,17.0,7500,8200.0,No,,,,,,,,Yes,Yes,Yes,Often,5,"Because it s a competitive 5V2 FPS game, cheat gives unfair advantage ",,"Yes, I have reviewed cases and/or watched my own demos",Yes,Yes,,"Predictive playstyle;Unnatural movement (bunny hopping, spinbotting, etc.);Skill gaps in different areas of play (aim, movement, awareness, timings, etc.);never checking any corner , just know weherer opponent are","statitics, a player can be lucky 3 ti;e in a row but 4th or 5th seems to be tricky","Push Valve to do so;ething, send them your analysis "
2025/04/18 12:06:25 am EET,0.6,460,5000.0,No,,,,,,,,Yes,Yes,Yes,Occasionally,4,It ruins the experience for everyone else. Personally for me its very demotivating,,"No, I did not have access to overwatch, and i have never reviewed a case",,,,,,
2025/04/18 12:31:12 am EET,20.0,5000,25150.0,No,,,,,,,,Yes,Yes,Yes,Often,5,"Ruins games, ruins trust in good players",,"Yes, I have reviewed cases and/or watched my own demos",Yes,Yes,,"Predictive playstyle;Skill gaps in different areas of play (aim, movement, awareness, timings, etc.)",,
2025/04/18 12:35:54 am EET,7.0,1400,10000.0,No,,,,,,,,Yes,Yes,Yes,Sometimes  (50% of the time),4,"Unfair, not fun to play with/against",,"No, I did not have access to overwatch, but i have reviewed my own demos",,,,Predictive playstyle;Unnatural crossair movement,"Skipping/rushing through empty areas. Only ""checking"" THE angles.",No
2025/04/18 3:37:11 pm EET,25.0,1300,4000.0,No,,,,,,,,Yes,Yes,Yes,Occasionally,3,Unfair playing field. Low bar means everyone is perceived as suspicious.,,"Yes, I have reviewed cases and/or watched my own demos",Maybe,No,The demo tick rate means it is very difficult to discern anything but the most obvious cheaters.,"Predictive playstyle;Unnatural crossair movement;Unnatural movement (bunny hopping, spinbotting, etc.);Skill gaps in different areas of play (aim, movement, awareness, timings, etc.)",,
2025/04/19 8:04:38 pm EET,10.0,6482,20950.0,No,,,,,,,,Yes,Yes,Yes,Occasionally,3,"Cheaters ruin the game at higher elo than I am at right now. Forcing legit better players to face me instead of people their skill.

It also brings terrible vibes to the game as a whole, every play becomes suspicious and everyone accuses everyone, since nobody trust the anti cheat.

As for chreating as a whole, it just gives an unfair advantage, and garbage braging right",,"Yes, I have reviewed cases and/or watched my own demos",Maybe,Maybe,"Overwatch was great until it wasn't, when it was full of legit player being sent there by actual cheaters.

Then valve fixed it and everybody was spammed with turbo spin botter.

Then we went back to only legit player there and it became lame.

Then it got removed","Unnatural movement (bunny hopping, spinbotting, etc.);Skill gaps in different areas of play (aim, movement, awareness, timings, etc.)","When their aim is far better than their movement, you can smell something is fishy.

When they always make the correct play and are never shot in the back or suprised.

When they hard clear the only corner with a player while ignoring every other one.",
2025/04/19 8:25:15 pm EET,8.0,2661,0.0,No,,,,,,,,Yes,Yes,Yes,Sometimes  (50% of the time),5,"It ruins both the fun and the competitive integrity of the game, effectively leaving it a joyless experience",,"Yes, I have reviewed cases and/or watched my own demos",Yes,Yes,,"Predictive playstyle;Unnatural crossair movement;Unnatural movement (bunny hopping, spinbotting, etc.)","I usually look for the suspect making direct and confident plays multiple times in a row - peeking or checking only the angle that their enemy is on, finding timings and flanks too many times for it to be luck, etc.",
2025/04/19 11:13:24 pm EET,5.0,2600,23000.0,No,,,,,,,,Yes,Yes,Yes,Occasionally,5,Because you don't know whether you died because of skill difference or something else.,,"Yes, I have reviewed cases and/or watched my own demos",Yes,Yes,It is not always possible to judge right,Predictive playstyle;Unnatural crossair movement,,
2025/04/20 12:37:32 am EET,10.0,5600,21000.0,No,,,,,,,,Yes,Yes,Yes,Often,5,It seems like a free for all and causes weird play styles,,"Yes, I have reviewed cases and/or watched my own demos",Maybe,Yes,,"Unnatural crossair movement;Unnatural movement (bunny hopping, spinbotting, etc.);Skill gaps in different areas of play (aim, movement, awareness, timings, etc.);",,
2025/04/20 2:05:43 am EET,11.0,8000,26000.0,Yes,Aimware,100.0,Aim hack;Trigger hack;Wall hack;Grenade projectory preview;Spinbot,"Good, but boring",Yes,It is very clearly a cheat,The cheats made me a better player over time due to learning rotations and spray control,Yes,Yes,Yes,Often,4,"At higher elos the number of cheaters is too high, making the game nearly unplayable.",,"Yes, I have reviewed cases and/or watched my own demos",No,No,Overwatch was overused by cheaters to determine who should be banned or not.,"Unnatural crossair movement;Unnatural movement (bunny hopping, spinbotting, etc.);Skill gaps in different areas of play (aim, movement, awareness, timings, etc.)","It is usually clear due to differences in aim and movement, or doing rotations when there is no new information for the team.","I only used cheats in csgo due to being a child, but in the end it made me a better player even years later."
2025/04/20 11:22:43 am EET,10.0,4000,8000.0,No,,,,,,,,Yes,Yes,Yes,Sometimes  (50% of the time),5,Because Valve doesn't care. They make a billion $ a year from cases.,,"Yes, I have reviewed cases and/or watched my own demos",Maybe,Yes,At least it was something,"Unnatural movement (bunny hopping, spinbotting, etc.);Skill gaps in different areas of play (aim, movement, awareness, timings, etc.)",,
2025/04/20 1:54:08 pm EET,12.0,4200,15000.0,No,,,,,,,,Yes,Yes,Yes,Occasionally,2,Feels unfair,,"Yes, I have reviewed cases and/or watched my own demos",Yes,Yes,,"Predictive playstyle;Unnatural crossair movement;Unnatural movement (bunny hopping, spinbotting, etc.);Skill gaps in different areas of play (aim, movement, awareness, timings, etc.)",,
2025/04/21 1:19:36 am EET,10.0,900,,No,,,,,,,,Yes,Yes,Yes,Sometimes  (50% of the time),5,The unfair advantage obviously. Though you can easily see that most cheaters are partially brain damaged as their reaction time even when looking through the walls is really bad,,"Yes, I have reviewed cases and/or watched my own demos",Yes,Yes,,"Unnatural crossair movement;Unnatural movement (bunny hopping, spinbotting, etc.);Shoots through objects",Knows your position even without visual or audio confirmation multiple times. Waits for you in unusual positions where it makes no sense. Headshots instantly after going out of cover without checking any positions first.,Good luck
2025/04/22 5:52:31 am EET,1.0,200,6900.0,No,,,,,,,,No,No,No,Never (0% of the time),3,Yes,,"Yes, I have reviewed cases and/or watched my own demos",Yes,Yes,It was a great system in DoTA2 and I don't see why it would be terrible in CS2,"Unnatural crossair movement;Unnatural movement (bunny hopping, spinbotting, etc.);Skill gaps in different areas of play (aim, movement, awareness, timings, etc.);Disparity between the rank and play pattern.",Pre-firing and aiming at walls for a line up too often than not in unnatural ways.,"No, don't use this survey to improve your cheat detection avoidance. Cheating are for VAC banners. Don't lose skin to win."
2025/04/22 12:10:11 pm EET,4.0,700,4500.0,No,,,,,,,,Yes,Yes,Yes,Occasionally,2,"The fact that it is so easy to cheat makes people very suspicious. I made some good plays and got accused instantly, whereas of course I do the same sometimes when people get a good shot or get lucky. If we just had more trust that the other player wasn't cheating, the game would become less tilting.",,"Yes, I have reviewed cases and/or watched my own demos",Yes,Yes,"It was only really useful when there were obvious hacks involved, but to be honest those should be easy to detect through normal computer algorithms. Suspicious players take so much effort to review that Overwatch really wasn't sustainable. I understand why it is gone.","Predictive playstyle;Unnatural crossair movement;Unnatural movement (bunny hopping, spinbotting, etc.);Skill gaps in different areas of play (aim, movement, awareness, timings, etc.)","All of those options above are true, but mostly it is inconsistency in play. For instance, they sometimes hard clear corners when someone is camping, but then other times won't do that when no one is there.",Good luck with your thesis from a highschool student in Germany ;)
